{"cameraMode":{"drawMode":0,"name":"Shaded","section":"Shading Mode"},"sceneLighting":true,"audioPlay":false,"sceneViewState":{"m_AlwaysRefresh":false,"showFog":true,"showSkybox":true,"showFlares":true,"showImageEffects":true,"showParticleSystems":true,"showVisualEffectGraphs":true,"m_FxEnabled":true},"in2DMode":false,"pivot":{"x":106.00445556640625,"y":-7.995648384094238,"z":179.21524047851563},"rotation":{"x":0.05666572228074074,"y":0.9319002628326416,"z":-0.16640852391719819,"w":0.3172983229160309},"size":18.07440757751465,"orthographic":false}