{"cameraMode":{"drawMode":0,"name":"Shaded","section":"Shading Mode"},"sceneLighting":true,"audioPlay":false,"sceneViewState":{"m_AlwaysRefresh":false,"showFog":true,"showSkybox":true,"showFlares":true,"showImageEffects":true,"showParticleSystems":true,"showVisualEffectGraphs":true,"m_FxEnabled":true},"in2DMode":false,"pivot":{"x":2.77069354057312,"y":7.824528217315674,"z":3.9336235523223879},"rotation":{"x":0.11925008147954941,"y":0.053598321974277499,"z":-0.0064496914856135849,"w":0.9914010763168335},"size":8.7098388671875,"orthographic":false}